계절,이미지명,이미지저장주소
봄,동도 정상에서 바라본 서도,https://dokdo.mofa.go.kr/upload/6908720160217160420.jpg
봄,동도 선착장에서 바라본 서도,https://dokdo.mofa.go.kr/upload/2223220160217160333.jpg
봄,서도 정상에서 바라본 동도,https://dokdo.mofa.go.kr/upload/2446220160217160625.jpg
봄,서도 선착장에서 바라본 동도,https://dokdo.mofa.go.kr/upload/5659720160217160536.jpg
봄,서도 계단에서 바라본 동도,https://dokdo.mofa.go.kr/upload/7090320160408150621.jpg
봄,서도 몽돌해변에서 바라본 동도,https://dokdo.mofa.go.kr/upload/6091920160408150745.jpg
봄,"삼형제굴에서 바라본 동도, 촛대바위",https://dokdo.mofa.go.kr/upload/98220160408150835.jpg
봄,가제바위에서 바라본 독도,https://dokdo.mofa.go.kr/upload/8929520160217154930.jpg
봄,"서도 왕호장근 군락지, 탕건봉",https://dokdo.mofa.go.kr/upload/8969620160408150926.jpg
봄,대한봉(서도 정상) 가는길,https://dokdo.mofa.go.kr/upload/1231920160217155515.jpg
봄,서도 코끼리바위,https://dokdo.mofa.go.kr/upload/2846020160217155406.jpg
봄,서도 정상에서 바라본 가제바위,https://dokdo.mofa.go.kr/upload/6691620160408151019.jpg
봄,동도 한반도바위,https://dokdo.mofa.go.kr/upload/6027120161024143926.jpg
봄,동도 천장굴 상부,https://dokdo.mofa.go.kr/upload/1500220160408151255.jpg
봄,동도 숫돌바위,https://dokdo.mofa.go.kr/upload/4708620160408151346.jpg
봄,해무 속의 동도 능선,https://dokdo.mofa.go.kr/upload/2182520160408151442.jpg
봄,동틀 무렵의 동도 망양대,https://dokdo.mofa.go.kr/upload/5949220160408151525.jpg
봄,동도 얼굴바위의 일출,https://dokdo.mofa.go.kr/upload/2762920160217155305.jpg
봄,"동도 유채꽃,망양대",https://dokdo.mofa.go.kr/upload/3720520160217155741.jpg
봄,땅채송화,https://dokdo.mofa.go.kr/upload/9981520160408151609.jpg
봄,섬장대,https://dokdo.mofa.go.kr/upload/8007120160408151643.jpg
봄,울릉장구채,https://dokdo.mofa.go.kr/upload/1030120160408151719.jpg
봄,갯까치수염,https://dokdo.mofa.go.kr/upload/657220160408151801.jpg
봄,갯괴불주머니,https://dokdo.mofa.go.kr/upload/3311620160408151840.jpg
봄,갯제비쑥,https://dokdo.mofa.go.kr/upload/7122020160408151912.jpg
봄,독도에 돌아온 괭이갈매기,https://dokdo.mofa.go.kr/upload/6879020160408151943.jpg
봄,포란 중인 괭이갈매기,https://dokdo.mofa.go.kr/upload/25220160217155924.jpg
봄,독도에서 바라본 울릉도의 일몰,https://dokdo.mofa.go.kr/upload/3756920160217155204.jpg
여름,동도 정상에서 바라본 서도,https://dokdo.mofa.go.kr/upload/2358520160217171513.jpg
여름,동도 선착장에서 바라본 서도,https://dokdo.mofa.go.kr/upload/2626620160217171437.jpg
여름,서도 정상에서 바라본 동도,https://dokdo.mofa.go.kr/upload/3335220160217171621.jpg
여름,서도 선착장에서 바라본 동도,https://dokdo.mofa.go.kr/upload/5937920160217171547.jpg
여름,동도 정상에서 바라본 해무속의 서도,https://dokdo.mofa.go.kr/upload/602820160408163731.jpg
여름,서도 계단에서 바라본 동도,https://dokdo.mofa.go.kr/upload/5419520160408163851.jpg
여름,"동도에서 바라본 탕건봉, 삼형제굴바위",https://dokdo.mofa.go.kr/upload/9281320160408165817.jpg
여름,하늘에서 바라본 독도,https://dokdo.mofa.go.kr/upload/9825220160217162025.jpg
여름,"서도 왕호장근 군락지, 탕건봉",https://dokdo.mofa.go.kr/upload/4362720160217162109.jpg
여름,서도 코끼리바위,https://dokdo.mofa.go.kr/upload/8124420160408173148.jpg
여름,동도 얼굴바위,https://dokdo.mofa.go.kr/upload/4168120160217162309.jpg
여름,동도 독립문바위,https://dokdo.mofa.go.kr/upload/2431420160217162223.jpg
여름,동도 천장굴,https://dokdo.mofa.go.kr/upload/7709520160217171406.jpg
여름,동도 천장굴의 바다 입구,https://dokdo.mofa.go.kr/upload/4490320160408173228.jpg
여름,닭바위,https://dokdo.mofa.go.kr/upload/1784820160408173259.jpg
여름,왕호장근,https://dokdo.mofa.go.kr/upload/9808420160408173331.jpg
여름,산쑥,https://dokdo.mofa.go.kr/upload/3008720160408173400.jpg
여름,괭생이모자반,https://dokdo.mofa.go.kr/upload/739820160408173436.jpg
여름,대황,https://dokdo.mofa.go.kr/upload/9503020160408173505.jpg
여름,"불볼락 떼, 괭생이모자반, 대황",https://dokdo.mofa.go.kr/upload/263220160408173549.jpg
여름,"용치놀래기, 별불가사리",https://dokdo.mofa.go.kr/upload/95420160408173619.jpg
여름,"자리돔, 용치놀래기, 보라성게, 대황",https://dokdo.mofa.go.kr/upload/8491120160408173651.jpg
여름,흑돔굴 위의 부채뿔산호,https://dokdo.mofa.go.kr/upload/2509620160408173726.jpg
여름,서도 북사면 계단의 괭이갈매기 떼,https://dokdo.mofa.go.kr/upload/4549120160408173804.jpg
여름,서도 왕호장근 군락지의 괭이갈매기 떼,https://dokdo.mofa.go.kr/upload/7292820160408173831.jpg
여름,동도 망양대 계단의 괭이갈매기,https://dokdo.mofa.go.kr/upload/5227920160217162400.jpg
여름,괭이갈매기 어미와 새끼,https://dokdo.mofa.go.kr/upload/1166420160217162442.jpg
여름,몽돌해변 위의 괭이갈매기 새끼,https://dokdo.mofa.go.kr/upload/5371520160408173859.jpg
가을,동도 정상에서 바라본 서도,https://dokdo.mofa.go.kr/upload/7692920160217172330.jpg
가을,동도 선착장에서 바라본 서도,https://dokdo.mofa.go.kr/upload/94220160408174921.jpg
가을,서도 정상에서 바라본 동도,https://dokdo.mofa.go.kr/upload/3303420160217172428.jpg
가을,서도 선착장에서 바라본 동도,https://dokdo.mofa.go.kr/upload/6017020160217172401.jpg
가을,서도 계단에서 바라본 동도,https://dokdo.mofa.go.kr/upload/3610720160408174959.jpg
가을,서도 몽돌해변에서 바라본 동도,https://dokdo.mofa.go.kr/upload/3865720160408175032.jpg
가을,"동도 몽돌해변에서 바라본 서도, 땅끝 표지석",https://dokdo.mofa.go.kr/upload/5449020160217172253.jpg
가을,바다에서 바라본 서도,https://dokdo.mofa.go.kr/upload/5083720160408175110.jpg
가을,"서도 왕호장근 군락지, 탕건봉",https://dokdo.mofa.go.kr/upload/911320160408175154.jpg
가을,대한봉(서도 정상),https://dokdo.mofa.go.kr/upload/5429720160408175233.jpg
가을,대한봉(서도 정상) 가는 길,https://dokdo.mofa.go.kr/upload/1080920160408175304.jpg
가을,서도 정상에서 바라본 동해바다,https://dokdo.mofa.go.kr/upload/1864720160408175400.jpg
가을,"동도에서 바라본 탕건봉, 삼형제굴바위",https://dokdo.mofa.go.kr/upload/6867620160408175447.jpg
가을,동도 얼굴바위와 해국,https://dokdo.mofa.go.kr/upload/9398420160217172017.jpg
가을,일출을 앞둔 동도 독립문바위,https://dokdo.mofa.go.kr/upload/1445820160408175545.jpg
가을,"동도 독립문바위, 일출",https://dokdo.mofa.go.kr/upload/9904120160217171942.jpg
가을,동도 독립문바위,https://dokdo.mofa.go.kr/upload/8710520160408175621.jpg
가을,동도 망양대의 석양,https://dokdo.mofa.go.kr/upload/1350420160408175700.jpg
가을,독도의 석양,https://dokdo.mofa.go.kr/upload/1634120160408175731.jpg
가을,독도의 석양,https://dokdo.mofa.go.kr/upload/1363720160408175800.jpg
가을,독도의 노을 속 어선들,https://dokdo.mofa.go.kr/upload/1525720160217171908.jpg
가을,서도의 밤,https://dokdo.mofa.go.kr/upload/6957620160408175834.jpg
가을,"촛대바위, 삼형제굴바위",https://dokdo.mofa.go.kr/upload/6244420160217172211.jpg
가을,풍란,https://dokdo.mofa.go.kr/upload/902920160408175916.jpg
가을,큰가제바위 위의 괭이갈매기 떼,https://dokdo.mofa.go.kr/upload/1621720160408175958.jpg
가을,큰가제바위 위의 괭이갈매기 떼,https://dokdo.mofa.go.kr/upload/4479120160408180039.jpg
가을,바다에서 바라본 독도,https://dokdo.mofa.go.kr/upload/7545120160408180110.jpg
가을,바다에서 바라본 독도,https://dokdo.mofa.go.kr/upload/9935720160408180158.jpg
겨울,동도 정상에서 바라본 서도,https://dokdo.mofa.go.kr/upload/7923220160217173133.jpg
겨울,동도 선착장에서 바라본 서도,https://dokdo.mofa.go.kr/upload/9903620160217173032.jpg
겨울,동도 몽돌해변에서 바라본 서도,https://dokdo.mofa.go.kr/upload/5577720160408182204.jpg
겨울,동도 몽돌해변에서 바라본 서도,https://dokdo.mofa.go.kr/upload/5133820160408182232.jpg
겨울,동도 정상에서 바라본 서도의 설경,https://dokdo.mofa.go.kr/upload/6211620160408182259.jpg
겨울,동도 정상에서 바라본 서도의 설경,https://dokdo.mofa.go.kr/upload/4572820160408182325.jpg
겨울,동도 천장굴 상부에서 바로본 서도의 설경,https://dokdo.mofa.go.kr/upload/2054220160217173102.jpg
겨울,동도 몽돌해변에서 바라본 서도의 설경,https://dokdo.mofa.go.kr/upload/4933620160408182401.jpg
겨울,눈이 그친 서도,https://dokdo.mofa.go.kr/upload/2350420160408182426.jpg
겨울,바다에서 바라본 독도,https://dokdo.mofa.go.kr/upload/3634120160217172604.jpg
겨울,우산봉(동도 정상),https://dokdo.mofa.go.kr/upload/3485020160217172922.jpg
겨울,눈에 뒤덮인 동도 천장굴,https://dokdo.mofa.go.kr/upload/8909120160408182513.jpg
겨울,동도 망양대를 배경으로 바라본 동해,https://dokdo.mofa.go.kr/upload/7260520160408182547.jpg
겨울,동도 얼굴바위의 일출,https://dokdo.mofa.go.kr/upload/2554220160217172703.jpg
겨울,동도 얼굴바위,https://dokdo.mofa.go.kr/upload/4614820160217172819.jpg
겨울,동도 독립문바위의 일출,https://dokdo.mofa.go.kr/upload/8270420160408182620.jpg
겨울,동도 독립문바위,https://dokdo.mofa.go.kr/upload/6851220160414151948.jpg
겨울,동도 독립문바위의 설경,https://dokdo.mofa.go.kr/upload/4627120160408182649.jpg
겨울,동도 얼굴바위 위로 떠오른 보름달,https://dokdo.mofa.go.kr/upload/6670920160408182719.jpg
겨울,동도 몽돌해변,https://dokdo.mofa.go.kr/upload/1958320160408182800.jpg
겨울,동도 부채바위,https://dokdo.mofa.go.kr/upload/1580320160217172850.jpg
겨울,동도 천장굴에서 바라본 삼형제굴바위의 설경,https://dokdo.mofa.go.kr/upload/5472620160408182904.jpg
겨울,독도의 일몰,https://dokdo.mofa.go.kr/upload/3800320160217172636.jpg
겨울,하늘에서 바라본 독도,https://dokdo.mofa.go.kr/upload/4812420160408182932.jpg
겨울,하늘에서 바라본 독도,https://dokdo.mofa.go.kr/upload/7358620160408183003.jpg
겨울,하늘에서 바라본 독도의 설경,https://dokdo.mofa.go.kr/upload/1748220160217172519.jpg
겨울,하늘에서 바라본 서도의 설경,https://dokdo.mofa.go.kr/upload/2261020160408183037.jpg
겨울,하늘에서 바라본 동도의 설경,https://dokdo.mofa.go.kr/upload/3073920160408183107.jpg
